4, Cocktails, Schowalter, Tasty Soft Tuna, et sunt temporibus, 24.00
4, Cocktails, Schowalter, Licensed Frozen Computer, similique ducimus reiciendis, 36.00
4, Cocktails, Schowalter, Tasty Rubber Salad, et tenetur quod, 8.00
4, Cocktails, Schowalter, Generic Concrete Towels, qui alias possimus, 21.00
4, Cocktails, Bergnaum, Practical Steel Computer, corrupti excepturi nihil, 5.00
4, Cocktails, Bergnaum, Ergonomic Frozen Bacon, dolores blanditiis commodi, 24.00
4, Cocktails, Bergnaum, Intelligent Soft Ball, tenetur et atque, 45.00
4, Cocktails, Bergnaum, Generic Soft Salad, esse nesciunt mollitia, 17.00
4, Cocktails, Bergnaum, Small Rubber Gloves, blanditiis optio totam, 12.00
4, Cocktails, Bode, Practical Cotton Shirt, dolore tempore architecto, 26.00
4, Cocktails, Bode, Refined Concrete Bacon, architecto doloribus facilis, 15.00
4, Cocktails, Bode, Practical Plastic Fish, quas qui velit, 45.00
4, Cocktails, Bode, Intelligent Plastic Salad, commodi incidunt culpa, 16.00
4, Cocktails, Bode, Rustic Granite Chips, aut aut maiores, 21.00
4, Lunch, Dare, Sleek Concrete Chips, sapiente ea in, 17.00
4, Lunch, Dare, Intelligent Metal Hat, debitis eaque non, 36.00
4, Lunch, Dare, Intelligent Concrete Table, architecto expedita ex, 17.00
4, Lunch, Dare, Generic Frozen Soap, dolores exercitationem veniam, 31.00
4, Lunch, Oberbrunner, Practical Granite Keyboard, vero nihil corrupti, 50.00
4, Lunch, Oberbrunner, Practical Metal Cheese, laborum praesentium enim, 14.00
4, Lunch, Oberbrunner, Incredible Granite Pants, ullam quasi quos, 7.00
4, Lunch, Oberbrunner, Practical Concrete Chicken, commodi eveniet dolores, 22.00
4, Lunch, Bode, Incredible Frozen Pants, dolores qui voluptatem, 45.00
4, Lunch, Bode, Gorgeous Fresh Table, mollitia amet ratione, 10.00
4, Lunch, Bode, Handcrafted Frozen Table, dolorem illo rerum, 41.00
4, Lunch, Bode, Rustic Metal Keyboard, accusantium ut et, 34.00
4, Dinner, Kihn, Ergonomic Frozen Salad, laboriosam laborum est, 20.00
4, Dinner, Kihn, Practical Metal Sausages, quia perspiciatis ex, 35.00
4, Dinner, Kihn, Generic Soft Chair, officia ex libero, 7.00
4, Dinner, Kihn, Generic Metal Mouse, dolor eos quod, 7.00
4, Dinner, Kihn, Intelligent Rubber Bike, quo quam nobis, 48.00
4, Dinner, Bode, Unbranded Fresh Soap, et et sit, 6.00
4, Dinner, Bode, Handmade Plastic Towels, earum aut aperiam, 23.00
4, Dinner, Bode, Unbranded Cotton Mouse, tempore velit eum, 13.00
4, Dinner, Bode, Ergonomic Granite Towels, provident libero optio, 44.00
4, Dinner, Bode, Awesome Metal Shirt, eaque explicabo sapiente, 48.00
3, Vegetarian, Denesik, Incredible Steel Chips, earum hic quis, 32.00
3, Vegetarian, Denesik, Awesome Wooden Car, cumque necessitatibus repellendus, 16.00
3, Vegetarian, Denesik, Handcrafted Soft Salad, aut error aperiam, 10.00
3, Vegetarian, Denesik, Rustic Plastic Car, quia sunt in, 14.00
3, Vegetarian, Simonis, Incredible Concrete Computer, molestiae odio odit, 7.00
3, Vegetarian, Simonis, Handcrafted Metal Ball, omnis dolores odit, 10.00
3, Vegetarian, Simonis, Practical Metal Gloves, neque perspiciatis et, 6.00
3, Vegetarian, Simonis, Gorgeous Cotton Mouse, voluptas in suscipit, 28.00
3, Vegetarian, Bode, Unbranded Metal Pizza, minima dolores dolores, 45.00
3, Vegetarian, Bode, Small Granite Fish, debitis tempore a, 30.00
3, Vegetarian, Bode, Generic Granite Shoes, ex sed esse, 14.00
3, Vegetarian, Bode, Gorgeous Wooden Sausages, corporis corrupti velit, 44.00
3, Vegetarian, Bode, Sleek Plastic Bacon, et nesciunt suscipit, 7.00
3, Seasonal, Dare, Unbranded Concrete Cheese, molestias aut itaque, 47.00
3, Seasonal, Dare, Rustic Plastic Fish, corporis aliquid consequuntur, 6.00
3, Seasonal, Dare, Sleek Metal Tuna, sunt numquam quisquam, 7.00
3, Seasonal, Dare, Generic Soft Tuna, id omnis non, 37.00
3, Seasonal, Dare, Awesome Frozen Cheese, ea fuga ut, 41.00
3, Seasonal, Rolfson, Small Plastic Gloves, omnis ut asperiores, 49.00
3, Seasonal, Rolfson, Tasty Rubber Car, quasi libero ad, 17.00
3, Seasonal, Rolfson, Sleek Rubber Table, consequatur enim ut, 47.00
3, Seasonal, Rolfson, Gorgeous Plastic Car, fugit ut quae, 34.00
3, Seasonal, Rolfson, Fantastic Soft Sausages, dolore occaecati illo, 36.00
3, Seasonal, Bauch, Tasty Metal Shoes, dolores non adipisci, 38.00
3, Seasonal, Bauch, Sleek Cotton Chair, ex rem deserunt, 24.00
3, Seasonal, Bauch, Licensed Soft Salad, explicabo maxime ducimus, 6.00
3, Seasonal, Bauch, Practical Metal Ball, laudantium nostrum recusandae, 27.00
3, Seasonal, Bauch, Fantastic Granite Soap, voluptas quo voluptate, 42.00
3, Breakfast, Jast, Gorgeous Granite Keyboard, magnam eius veniam, 45.00
3, Breakfast, Jast, Unbranded Cotton Computer, corrupti ut veritatis, 6.00
3, Breakfast, Jast, Unbranded Concrete Fish, et et reprehenderit, 26.00
3, Breakfast, Jast, Small Wooden Sausages, ad eligendi ullam, 30.00
3, Breakfast, Bahringer, Awesome Metal Chair, odio ipsam aspernatur, 15.00
3, Breakfast, Bahringer, Handcrafted Fresh Table, culpa dolore assumenda, 14.00
3, Breakfast, Bahringer, Tasty Fresh Shirt, maiores iure eum, 36.00
3, Breakfast, Bahringer, Unbranded Wooden Shirt, repudiandae est nam, 7.00
3, Breakfast, Bode, Rustic Cotton Mouse, ullam quis vel, 20.00
3, Breakfast, Bode, Handmade Soft Sausages, eveniet unde animi, 33.00
3, Breakfast, Bode, Fantastic Soft Bike, et est qui, 41.00
3, Breakfast, Bode, Licensed Steel Table, sit nulla aut, 10.00
2, Happy Hour, Bergnaum, Sleek Wooden Gloves, ut vitae beatae, 24.00
2, Happy Hour, Bergnaum, Tasty Fresh Ball, et illum animi, 38.00
2, Happy Hour, Bergnaum, Unbranded Frozen Gloves, ut dignissimos sit, 30.00
2, Happy Hour, Bergnaum, Tasty Fresh Shoes, quam explicabo dolor, 46.00
2, Happy Hour, Bergnaum, Fantastic Wooden Salad, ut omnis animi, 16.00
2, Happy Hour, Bode, Small Soft Tuna, deserunt autem velit, 16.00
2, Happy Hour, Bode, Sleek Cotton Keyboard, qui veritatis rerum, 37.00
2, Happy Hour, Bode, Handcrafted Concrete Chair, assumenda corrupti ipsam, 28.00
2, Happy Hour, Bode, Sleek Cotton Gloves, expedita impedit dolorem, 6.00
2, Seasonal, Moen, Incredible Frozen Ball, praesentium sunt voluptatem, 41.00
2, Seasonal, Moen, Practical Soft Computer, temporibus consectetur ut, 23.00
2, Seasonal, Moen, Intelligent Concrete Towels, placeat est necessitatibus, 8.00
2, Seasonal, Moen, Unbranded Frozen Soap, nemo est adipisci, 19.00
2, Seasonal, Tromp, Intelligent Soft Shirt, atque sapiente deleniti, 49.00
2, Seasonal, Tromp, Handcrafted Plastic Soap, libero iure maxime, 19.00
2, Seasonal, Tromp, Handmade Soft Sausages, tempora itaque tempore, 23.00
2, Seasonal, Tromp, Tasty Soft Sausages, qui fugit incidunt, 11.00
2, Seasonal, Tromp, Ergonomic Wooden Mouse, quia magni et, 5.00
2, Early, Jast, Incredible Wooden Towels, doloremque distinctio nisi, 39.00
2, Early, Jast, Awesome Metal Salad, alias vitae sint, 34.00
2, Early, Jast, Awesome Metal Car, dolorem consequatur ullam, 16.00
2, Early, Jast, Intelligent Cotton Shoes, sapiente autem non, 8.00
2, Early, Bergnaum, Awesome Plastic Shoes, voluptas aut quas, 41.00
2, Early, Bergnaum, Intelligent Granite Gloves, porro asperiores dolor, 34.00
2, Early, Bergnaum, Handmade Granite Chips, quo eos at, 49.00
2, Early, Bergnaum, Handmade Metal Cheese, possimus quaerat nihil, 8.00
2, Early, Bergnaum, Handmade Cotton Bacon, qui odit rem, 16.00
2, Early, Olson, Practical Plastic Cheese, aliquam adipisci vel, 48.00
2, Early, Olson, Gorgeous Frozen Sausages, corrupti aut qui, 7.00
2, Early, Olson, Licensed Steel Chicken, aut est qui, 21.00
2, Early, Olson, Awesome Cotton Sausages, qui ut corporis, 20.00
1, Vegetarian, Denesik, Small Granite Chair, ut temporibus illo, 49.00
1, Vegetarian, Denesik, Licensed Concrete Chair, voluptatem occaecati architecto, 34.00
1, Vegetarian, Denesik, Handmade Fresh Ball, ut iure saepe, 7.00
1, Vegetarian, Denesik, Fantastic Fresh Pants, est possimus dolores, 45.00
1, Vegetarian, Denesik, Handcrafted Cotton Tuna, dignissimos repellendus reprehenderit, 44.00
1, Vegetarian, Bergnaum, Incredible Soft Chips, ut hic non, 21.00
1, Vegetarian, Bergnaum, Gorgeous Rubber Bacon, dignissimos dolores velit, 37.00
1, Vegetarian, Bergnaum, Practical Concrete Soap, repudiandae molestias et, 15.00
1, Vegetarian, Bergnaum, Generic Concrete Table, autem ad et, 24.00
1, Vegetarian, Leuschke, Refined Steel Bike, animi voluptate minima, 46.00
1, Vegetarian, Leuschke, Awesome Rubber Sausages, repellat corrupti ex, 41.00
1, Vegetarian, Leuschke, Practical Wooden Bacon, assumenda omnis rem, 26.00
1, Vegetarian, Leuschke, Handmade Rubber Shirt, id laudantium velit, 50.00
1, Brunch, Kunde, Ergonomic Granite Keyboard, illum tenetur quis, 5.00
1, Brunch, Kunde, Awesome Steel Ball, at ad dolor, 31.00
1, Brunch, Kunde, Rustic Frozen Cheese, ad dolores corporis, 28.00
1, Brunch, Kunde, Unbranded Fresh Chair, id voluptates vero, 33.00
1, Brunch, Olson, Unbranded Wooden Tuna, quas quisquam omnis, 41.00
1, Brunch, Olson, Fantastic Wooden Cheese, nesciunt perspiciatis ipsa, 48.00
1, Brunch, Olson, Handmade Rubber Car, unde reiciendis voluptatem, 11.00
1, Brunch, Olson, Gorgeous Wooden Towels, dicta quia rerum, 43.00
1, Dinner, Kessler, Rustic Fresh Bike, ad molestias tempora, 50.00
1, Dinner, Kessler, Fantastic Fresh Tuna, eos qui repellendus, 48.00
1, Dinner, Kessler, Sleek Plastic Chicken, laborum deserunt sed, 11.00
1, Dinner, Kessler, Small Metal Tuna, autem voluptas voluptatibus, 42.00
1, Dinner, Rolfson, Generic Concrete Chair, facere expedita qui, 19.00
1, Dinner, Rolfson, Tasty Rubber Shoes, minima facere omnis, 15.00
1, Dinner, Rolfson, Unbranded Concrete Keyboard, qui qui sapiente, 20.00
1, Dinner, Rolfson, Unbranded Plastic Tuna, accusantium iste aut, 38.00
1, Dinner, Dare, Sleek Steel Fish, in voluptatem eum, 28.00
1, Dinner, Dare, Unbranded Cotton Chips, ex quia eum, 6.00
1, Dinner, Dare, Sleek Frozen Ball, et consequuntur facilis, 28.00
1, Dinner, Dare, Practical Wooden Gloves, voluptatem laborum ratione, 20.00
